step,epoch,loss,perplexity,learning_rate
10,1,9.973467,21449.7207,0.00009500
20,1,8.806360,6676.5674,0.00014000
30,1,8.748174,6299.1733,0.00018500
40,1,8.410922,4495.9038,0.00023000
50,1,7.844689,2552.1436,0.00027500
60,1,7.277475,1447.3287,0.00032000
70,1,6.162168,474.4556,0.00036500
80,1,5.337440,207.9795,0.00041000
90,1,4.612354,100.7209,0.00045500
100,1,4.262678,70.9998,0.00050000
110,1,2.853552,17.3493,0.00034453
120,1,2.790197,16.2842,0.00009297
